{
  "quiz_id": "bseb_hindi_100_final",
  "title": "बिहार बोर्ड 12वीं हिंदी (100 MCQ) महा-संग्राम",
  "description": "यह क्विज बिहार बोर्ड के नवीनतम 100 ऑब्जेक्टिव पैटर्न पर आधारित है।",
  "duration": 60,
  "price": 0.0,
  "shuffle": true,
  "shuffle_options": true,
  "negative_marking": false,
  "questions": [
    {
      "id": 1,
      "question": "आकाश का पर्यायवाची शब्द क्या है?",
      "options": ["नभ", "अंबर", "व्योम", "उपर्युक्त सभी"],
      "correct": 3,
      "explanation": "नभ, अंबर और व्योम तीनों ही आकाश के पर्यायवाची हैं।",
      "difficulty": "easy",
      "tags": ["व्याकरण", "पर्यायवाची"]
    },
    {
      "id": 2,
      "question": "कमल का पर्यायवाची शब्द है-",
      "options": ["जलज", "पीयूष", "जलद", "वारिद"],
      "correct": 0,
      "explanation": "जलज का अर्थ है जल में जन्म लेने वाला (कमल)।",
      "difficulty": "easy",
      "tags": ["व्याकरण", "पर्यायवाची"]
    },
    {
      "id": 3,
      "question": "अग्नि का पर्यायवाची शब्द कौन सा है?",
      "options": ["पावक", "अनिल", "व्योम", "भानु"],
      "correct": 0,
      "explanation": "पावक अग्नि का पर्यायवाची है, जबकि अनिल का अर्थ हवा होता है।",
      "difficulty": "medium",
      "tags": ["व्याकरण", "पर्यायवाची"]
    },
    {
      "id": 4,
      "question": "सूर्य का पर्यायवाची शब्द है-",
      "options": ["दिनेश", "निशाकर", "शशांक", "सुधांशु"],
      "correct": 0,
      "explanation": "दिनेश सूर्य का पर्यायवाची है, बाकी चाँद के पर्यायवाची हैं।",
      "difficulty": "easy",
      "tags": ["व्याकरण", "पर्यायवाची"]
    },
    {
      "id": 5,
      "question": "'आय' शब्द का विलोम क्या होगा?",
      "options": ["खर्च", "व्यय", "आमदनी", "बिक्री"],
      "correct": 1,
      "explanation": "आमदनी का विलोम खर्च और आय का सटीक विलोम व्यय होता है।",
      "difficulty": "easy",
      "tags": ["व्याकरण", "विलोम"]
    },
    {
      "id": 6,
      "question": "'अनुराग' का विलोम है-",
      "options": ["प्रेम", "वैराग्य", "विराग", "द्वेष"],
      "correct": 2,
      "explanation": "अनुराग का विलोम विराग होता है।",
      "difficulty": "easy",
      "tags": ["व्याकरण", "विलोम"]
    },
    {
      "id": 7,
      "question": "'कृष्ण' का विलोम शब्द क्या है?",
      "options": ["काला", "सफेद", "शुक्ल", "उजला"],
      "correct": 2,
      "explanation": "पक्षों (Fortnight) के आधार पर कृष्ण का विलोम शुक्ल होता है।",
      "difficulty": "medium",
      "tags": ["व्याकरण", "विलोम"]
    },
    {
      "id": 8,
      "question": "'दाँत खट्टे करना' मुहावरे का अर्थ है-",
      "options": ["अचार खाना", "पराजित करना", "इमली खाना", "द्वेष करना"],
      "correct": 1,
      "explanation": "युद्ध या प्रतियोगिता में किसी को बुरी तरह हराना।",
      "difficulty": "medium",
      "tags": ["व्याकरण", "मुहावरे"]
    },
    {
      "id": 9,
      "question": "'ईंट से ईंट बजाना' मुहावरे का अर्थ क्या है?",
      "options": ["निर्माण करना", "विनाश करना", "झगड़ा करना", "ईंट ढोना"],
      "correct": 1,
      "explanation": "किसी का अस्तित्व पूरी तरह नष्ट कर देना।",
      "difficulty": "medium",
      "tags": ["व्याकरण", "मुहावरे"]
    },
    {
      "id": 10,
      "question": "'गाल बजाना' मुहावरे का अर्थ है-",
      "options": ["डि़ंग हाँकना", "गाल पर थप्पड़ मारना", "मजाक उड़ाना", "चुप रहना"],
      "correct": 0,
      "explanation": "व्यर्थ में अपनी प्रशंसा करना या बढ़ा-चढ़ा कर बोलना।",
      "difficulty": "easy",
      "tags": ["व्याकरण", "मुहावरे"]
    },
    {
      "id": 11,
      "question": "'जो जाना न जा सके' के लिए एक शब्द है-",
      "options": ["अनंत", "अज्ञेय", "अमर", "अजातशत्रु"],
      "correct": 1,
      "explanation": "अज्ञेय का अर्थ है जिसे जाना न जा सके।",
      "difficulty": "medium",
      "tags": ["व्याकरण", "एक शब्द"]
    },
    {
      "id": 12,
      "question": "'जिसकी उपमा न हो' के लिए एक शब्द-",
      "options": ["अनुपम", "अद्वितीय", "अपार", "अतुलनीय"],
      "correct": 0,
      "explanation": "जिसकी तुलना या उपमा किसी से न की जा सके वह अनुपम है।",
      "difficulty": "easy",
      "tags": ["व्याकरण", "एक शब्द"]
    },
    {
      "id": 13,
      "question": "'घी' शब्द का लिंग निर्णय करें-",
      "options": ["स्त्रीलिंग", "पुल्लिंग", "उभयलिंग", "कोई नहीं"],
      "correct": 1,
      "explanation": "अपवाद स्वरूप घी, दही, मोती पुल्लिंग होते हैं।",
      "difficulty": "hard",
      "tags": ["व्याकरण", "लिंग"]
    },
    {
      "id": 14,
      "question": "'दही' शब्द का लिंग क्या है?",
      "options": ["स्त्रीलिंग", "पुल्लिंग", "उभयलिंग", "इनमें से कोई नहीं"],
      "correct": 1,
      "explanation": "दही खट्टा है (पुल्लिंग)।",
      "difficulty": "hard",
      "tags": ["व्याकरण", "लिंग"]
    },
    {
      "id": 15,
      "question": "'आत्मा' शब्द का लिंग निर्णय करें-",
      "options": ["स्त्रीलिंग", "पुल्लिंग", "उभयलिंग", "कोई नहीं"],
      "correct": 0,
      "explanation": "आत्मा अमर होती है (स्त्रीलिंग)।",
      "difficulty": "medium",
      "tags": ["व्याकरण", "लिंग"]
    },
    {
      "id": 16,
      "question": "'परीक्षा' शब्द का लिंग क्या है?",
      "options": ["स्त्रीलिंग", "पुल्लिंग", "उभयलिंग", "कोई नहीं"],
      "correct": 0,
      "explanation": "परीक्षा हो रही है (स्त्रीलिंग)।",
      "difficulty": "easy",
      "tags": ["व्याकरण", "लिंग"]
    },
    {
      "id": 17,
      "question": "रामधारी सिंह 'दिनकर' का जन्म कहाँ हुआ था?",
      "options": ["सिमरिया, बेगुसराय", "इटारसी, मध्य प्रदेश", "लम्ही, वाराणसी", "बेनीपुर, दरभंगा"],
      "correct": 0,
      "explanation": "दिनकर जी बिहार के बेगूसराय जिले के सिमरिया गाँव में जन्मे थे।",
      "difficulty": "medium",
      "tags": ["साहित्य", "लेखक"]
    },
    {
      "id": 18,
      "question": "रामवृक्ष बेनीपुरी का जन्म किस जिले में हुआ था?",
      "options": ["मुजफ्फरपुर", "दरभंगा", "वैशाली", "पटना"],
      "correct": 0,
      "explanation": "इनका जन्म मुजफ्फरपुर के बेनीपुर गाँव में हुआ था।",
      "difficulty": "medium",
      "tags": ["साहित्य", "लेखक"]
    },
    {
      "id": 19,
      "question": "किस कृति के लिए दिनकर जी को ज्ञानपीठ पुरस्कार मिला?",
      "options": ["रश्मिरथी", "कुरुक्षेत्र", "उर्वशी", "हुंकार"],
      "correct": 2,
      "explanation": "1972 में उर्वशी के लिए उन्हें ज्ञानपीठ मिला।",
      "difficulty": "hard",
      "tags": ["साहित्य", "पुरस्कार"]
    },
    {
      "id": 20,
      "question": "'सिपाही की माँ' किस विधा की रचना है?",
      "options": ["कहानी", "एकांकी", "उपन्यास", "निबंध"],
      "correct": 1,
      "explanation": "यह मोहन राकेश द्वारा लिखित एक प्रसिद्ध एकांकी है।",
      "difficulty": "medium",
      "tags": ["साहित्य", "विधा"]
    },
    {
      "id": 21,
      "question": "'जूठन' क्या है?",
      "options": ["कहानी", "आत्मकथा", "उपन्यास", "रेखाचित्र"],
      "correct": 1,
      "explanation": "ओमप्रकाश वाल्मीकि की प्रसिद्ध दलित आत्मकथा।",
      "difficulty": "easy",
      "tags": ["साहित्य", "विधा"]
    },
    {
      "id": 22,
      "question": "बालकृष्ण भट्ट का जन्म कब हुआ था?",
      "options": ["23 जून 1844", "23 जून 1845", "20 जुलाई 1902", "18 दिसंबर 1834"],
      "correct": 0,
      "explanation": "इनका जन्म इलाहाबाद में हुआ था।",
      "difficulty": "hard",
      "tags": ["साहित्य", "लेखक"]
    },
    {
      "id": 23,
      "question": "'उसने कहा था' कहानी के कहानीकार कौन हैं?",
      "options": ["चंद्रधर शर्मा गुलेरी", "बालकृष्ण भट्ट", "भगत सिंह", "मलयज"],
      "correct": 0,
      "explanation": "यह कहानी 1915 में सरस्वती पत्रिका में छपी थी।",
      "difficulty": "easy",
      "tags": ["साहित्य", "लेखक"]
    },
    {
      "id": 24,
      "question": "संपूर्ण क्रांति का नारा किसने दिया?",
      "options": ["दिनकर", "जयप्रकाश नारायण", "भगत सिंह", "नेहरू"],
      "correct": 1,
      "explanation": "जेपी ने 1974 में पटना के गांधी मैदान में यह नारा दिया।",
      "difficulty": "easy",
      "tags": ["इतिहास", "साहित्य"]
    },
    {
      "id": 25,
      "question": "भगत सिंह को फाँसी कब दी गई?",
      "options": ["23 मार्च 1931", "24 मार्च 1931", "22 मार्च 1931", "23 मार्च 1932"],
      "correct": 0,
      "explanation": "लाहौर षड्यंत्र केस में उन्हें शहीद का दर्जा प्राप्त हुआ।",
      "difficulty": "medium",
      "tags": ["इतिहास", "साहित्य"]
    },
    {
      "id": 26,
      "question": "ओ सदानीरा के लेखक कौन हैं?",
      "options": ["जगदीशचंद्र माथुर", "दिनकर", "मोहन राकेश", "अज्ञेय"],
      "correct": 0,
      "explanation": "यह निबंध गंडक नदी के आसपास के भूगोल और संस्कृति पर आधारित है।",
      "difficulty": "medium",
      "tags": ["साहित्य", "गद्य"]
    },
    {
      "id": 27,
      "question": "शिक्षा शीर्षक निबंध के निबंधकार कौन हैं?",
      "options": ["जे. कृष्णमूर्ति", "मलयज", "उदय प्रकाश", "अज्ञेय"],
      "correct": 0,
      "explanation": "जिद्दू कृष्णमूर्ति को विश्व शिक्षक कहा जाता है।",
      "difficulty": "easy",
      "tags": ["साहित्य", "गद्य"]
    },
    {
      "id": 28,
      "question": "तुलसीदास का मूल नाम क्या था?",
      "options": ["रामबोला", "श्यामबोला", "हरिबोला", "शिवबोला"],
      "correct": 0,
      "explanation": "जन्म के समय मुख से 'राम' निकलने के कारण इनका नाम रामबोला पड़ा।",
      "difficulty": "medium",
      "tags": ["साहित्य", "पद्य"]
    },
    {
      "id": 29,
      "question": "कड़बक किसकी रचना है?",
      "options": ["तुलसीदास", "मलिक मोहम्मद जायसी", "सूरदास", "कबीर"],
      "correct": 1,
      "explanation": "यह पद्मावत का अंश है।",
      "difficulty": "medium",
      "tags": ["साहित्य", "पद्य"]
    },
    {
      "id": 30,
      "question": "भूषण किस काल के कवि हैं?",
      "options": ["भक्तिकाल", "रीतिकाल", "आदिकाल", "आधुनिक काल"],
      "correct": 1,
      "explanation": "भूषण वीर रस के रीतिकाल के कवि हैं।",
      "difficulty": "hard",
      "tags": ["साहित्य", "पद्य"]
    },
    {
      "id": 31,
      "question": "पुत्र वियोग किसकी रचना है?",
      "options": ["सुभद्रा कुमारी चौहान", "रघुवीर सहाय", "जयशंकर प्रसाद", "अशोक वाजपेयी"],
      "correct": 0,
      "explanation": "यह एक करुण रस की कविता है।",
      "difficulty": "easy",
      "tags": ["साहित्य", "पद्य"]
    },
    {
      "id": 32,
      "question": "शमशेर बहादुर सिंह को क्या कहा जाता है?",
      "options": ["कवियों के कवि", "राष्ट्रकवि", "महाकवि", "जनकवि"],
      "correct": 0,
      "explanation": "उन्हें अपनी अनूठी शैली के कारण 'कवियों के कवि' कहा जाता है।",
      "difficulty": "medium",
      "tags": ["साहित्य", "उपाधि"]
    },
    {
      "id": 33,
      "question": "गाँव का घर कविता के कवि कौन हैं?",
      "options": ["ज्ञानेन्द्रपति", "अशोक वाजपेयी", "रघुवीर सहाय", "दिनकर"],
      "correct": 0,
      "explanation": "यह कविता 'संशयात्मा' काव्य संग्रह से ली गई है।",
      "difficulty": "medium",
      "tags": ["साहित्य", "पद्य"]
    },
    {
      "id": 34,
      "question": "अधनायक शीर्षक कविता के कवि हैं-",
      "options": ["रघुवीर सहाय", "विनोद कुमार शुक्ल", "मुक्तिबोध", "पंत"],
      "correct": 0,
      "explanation": "यह एक व्यंग्य कविता है।",
      "difficulty": "medium",
      "tags": ["साहित्य", "पद्य"]
    },
    {
      "id": 35,
      "question": "प्यारे नन्हे बेटे को किसकी रचना है?",
      "options": ["विनोद कुमार शुक्ल", "अज्ञेय", "मुक्तिबोध", "रघुवीर सहाय"],
      "correct": 0,
      "explanation": "इसमें लोहे के प्रतीकों का प्रयोग किया गया है।",
      "difficulty": "medium",
      "tags": ["साहित्य", "पद्य"]
    },
    {
      "id": 36,
      "question": "परोपकार का संधि विच्छेद क्या होगा?",
      "options": ["पर + उपकार", "परो + उपकार", "पर: + उपकार", "परोप + कार"],
      "correct": 0,
      "explanation": "गुण संधि: अ + उ = ओ।",
      "difficulty": "medium",
      "tags": ["व्याकरण", "संधि"]
    },
    {
      "id": 37,
      "question": "सदाचार का संधि विच्छेद है-",
      "options": ["सदा + चार", "सत + आचार", "सद + आचार", "स + दाचार"],
      "correct": 1,
      "explanation": "व्यंजन संधि: त् का द् हो जाता है।",
      "difficulty": "hard",
      "tags": ["व्याकरण", "संधि"]
    },
    {
      "id": 38,
      "question": "प्रतिदिन कौन सा समास है?",
      "options": ["अव्ययीभाव", "तत्पुरुष", "द्विगु", "द्वंद्व"],
      "correct": 0,
      "explanation": "जिसमें पहला पद अव्यय (प्रति) हो।",
      "difficulty": "medium",
      "tags": ["व्याकरण", "समास"]
    },
    {
      "id": 39,
      "question": "लंबोदर कौन सा समास है?",
      "options": ["बहुव्रीहि", "तत्पुरुष", "कर्मधारय", "द्वंद्व"],
      "correct": 0,
      "explanation": "विशेष अर्थ (गणेश) प्रकट करने वाला।",
      "difficulty": "easy",
      "tags": ["व्याकरण", "समास"]
    },
    {
      "id": 40,
      "question": "त्रिभुवन में कौन सा समास है?",
      "options": ["द्विगु", "द्वंद्व", "तत्पुरुष", "बहुव्रीहि"],
      "correct": 0,
      "explanation": "संख्यावाची पहला पद (त्रि)।",
      "difficulty": "easy",
      "tags": ["व्याकरण", "समास"]
    },
    {
      "id": 41,
      "question": "हाथ-पैर कौन सा समास है?",
      "options": ["द्वंद्व", "द्विगु", "कर्मधारय", "तत्पुरुष"],
      "correct": 0,
      "explanation": "दोनों पद प्रधान और योजक चिह्न।",
      "difficulty": "easy",
      "tags": ["व्याकरण", "समास"]
    },
    {
      "id": 42,
      "question": "रात का विलोम शब्द है-",
      "options": ["दिन", "निशा", "शाम", "सवेरा"],
      "correct": 0,
      "explanation": "रात का विलोम दिन है।",
      "difficulty": "easy",
      "tags": ["व्याकरण", "विलोम"]
    },
    {
      "id": 43,
      "question": "आदर का विलोम क्या होगा?",
      "options": ["सम्मान", "निरादर", "बेइज्जती", "तिरस्कार"],
      "correct": 1,
      "explanation": "आदर का निरादर।",
      "difficulty": "easy",
      "tags": ["व्याकरण", "विलोम"]
    },
    {
      "id": 44,
      "question": "अल्पायु का विलोम है-",
      "options": ["दीर्घायु", "क्षणभंगुर", "छोटी आयु", "कम उम्र"],
      "correct": 0,
      "explanation": "अल्पायु का विलोम दीर्घायु होता है।",
      "difficulty": "medium",
      "tags": ["व्याकरण", "विलोम"]
    },
    {
      "id": 45,
      "question": "चू न करना मुहावरे का अर्थ-",
      "options": ["विरोध करना", "सह जाना", "चुप रहना", "आवाज करना"],
      "correct": 1,
      "explanation": "बिना विरोध किए सह लेना।",
      "difficulty": "medium",
      "tags": ["व्याकरण", "मुहावरे"]
    },
    {
      "id": 46,
      "question": "आकाश पाताल एक करना मुहावरे का अर्थ-",
      "options": ["कठिन परिश्रम करना", "झूठ बोलना", "यात्रा करना", "गुस्सा होना"],
      "correct": 0,
      "explanation": "लक्ष्य पाने के लिए बहुत मेहनत करना।",
      "difficulty": "easy",
      "tags": ["व्याकरण", "मुहावरे"]
    },
    {
      "id": 47,
      "question": "मुट्ठी में करना मुहावरे का अर्थ-",
      "options": ["वश में करना", "पकड़ लेना", "रिश्वत देना", "हाथ मिलाना"],
      "correct": 0,
      "explanation": "किसी को अपने नियंत्रण में लेना।",
      "difficulty": "easy",
      "tags": ["व्याकरण", "मुहावरे"]
    },
    {
      "id": 48,
      "question": "हाथ मलना मुहावरे का अर्थ-",
      "options": ["पछताना", "हाथ साफ करना", "मालिश करना", "सफाई करना"],
      "correct": 0,
      "explanation": "समय निकल जाने पर अफसोस करना।",
      "difficulty": "easy",
      "tags": ["व्याकरण", "मुहावरे"]
    },
    {
      "id": 49,
      "question": "जिसकी गर्दन सुंदर हो-",
      "options": ["सुग्रीव", "सुंदर", "सुमुख", "गजानन"],
      "correct": 0,
      "explanation": "सु + ग्रीव (गर्दन)।",
      "difficulty": "medium",
      "tags": ["व्याकरण", "एक शब्द"]
    },
    {
      "id": 50,
      "question": "जिसके हृदय में ममता न हो-",
      "options": ["निर्मम", "निर्दयी", "कठोर", "पाषाण"],
      "correct": 0,
      "explanation": "ममता रहित व्यक्ति निर्मम कहलाता है।",
      "difficulty": "medium",
      "tags": ["व्याकरण", "एक शब्द"]
    },
    {
      "id": 51,
      "question": "मिठाई शब्द का लिंग क्या है?",
      "options": ["स्त्रीलिंग", "पुल्लिंग", "उभयलिंग", "कोई नहीं"],
      "correct": 0,
      "explanation": "मिठाई मीठी है (स्त्रीलिंग)।",
      "difficulty": "medium",
      "tags": ["व्याकरण", "लिंग"]
    },
    {
      "id": 52,
      "question": "हाथी शब्द का लिंग-",
      "options": ["पुल्लिंग", "स्त्रीलिंग", "उभयलिंग", "कोई नहीं"],
      "correct": 0,
      "explanation": "हाथी आ रहा है (पुल्लिंग)।",
      "difficulty": "easy",
      "tags": ["व्याकरण", "लिंग"]
    },
    {
      "id": 53,
      "question": "पाठशाला कौन सा समास है?",
      "options": ["तत्पुरुष", "द्वंद्व", "बहुव्रीहि", "द्विगु"],
      "correct": 0,
      "explanation": "पाठ के लिए शाला (चतुर्थी तत्पुरुष)।",
      "difficulty": "medium",
      "tags": ["व्याकरण", "समास"]
    },
    {
      "id": 54,
      "question": "अजन्मा कौन सा समास है?",
      "options": ["नञ् तत्पुरुष", "अव्ययीभाव", "द्विगु", "बहुव्रीहि"],
      "correct": 0,
      "explanation": "जिसका जन्म न हो।",
      "difficulty": "hard",
      "tags": ["व्याकरण", "समास"]
    },
    {
      "id": 55,
      "question": "चतुर्भुज कौन सा समास है?",
      "options": ["बहुव्रीहि", "द्विगु", "द्वंद्व", "तत्पुरुष"],
      "correct": 0,
      "explanation": "विष्णु जी के संदर्भ में बहुव्रीहि होगा।",
      "difficulty": "medium",
      "tags": ["व्याकरण", "समास"]
    },
    {
      "id": 56,
      "question": "नामवर सिंह के गुरु कौन थे?",
      "options": ["हजारी प्रसाद द्विवेदी", "रामचंद्र शुक्ल", "निराला", "प्रसाद"],
      "correct": 0,
      "explanation": "नामवर सिंह हजारी प्रसाद द्विवेदी के शिष्य थे।",
      "difficulty": "medium",
      "tags": ["साहित्य", "लेखक"]
    },
    {
      "id": 57,
      "question": "प्रगीत और समाज क्या है?",
      "options": ["निबंध", "आलोचना", "कहानी", "एकांकी"],
      "correct": 1,
      "explanation": "यह एक आलोचनात्मक निबंध है।",
      "difficulty": "hard",
      "tags": ["साहित्य", "विधा"]
    },
    {
      "id": 58,
      "question": "ओमप्रकाश वाल्मीकि का जन्म कहाँ हुआ था?",
      "options": ["बरला, मुजफ्फरनगर", "सिमरिया", "लम्ही", "इटारसी"],
      "correct": 0,
      "explanation": "इनका जन्म उत्तर प्रदेश के बरला में हुआ था।",
      "difficulty": "hard",
      "tags": ["साहित्य", "लेखक"]
    },
    {
      "id": 59,
      "question": "तिरिक्ष कहानी के पिताजी का नाम क्या था?",
      "options": ["रामस्वारथ प्रसाद", "रामनरेश", "रामदीन", "रामवृक्ष"],
      "correct": 0,
      "explanation": "कहानी में पिताजी का यही नाम वर्णित है।",
      "difficulty": "hard",
      "tags": ["साहित्य", "पाठ"]
    },
    {
      "id": 60,
      "question": "जयशंकर प्रसाद का महाकाव्य है-",
      "options": ["कामायनी", "साकेत", "कुरुक्षेत्र", "उर्वशी"],
      "correct": 0,
      "explanation": "कामायनी छायावाद का सर्वश्रेष्ठ महाकाव्य है।",
      "difficulty": "medium",
      "tags": ["साहित्य", "विधा"]
    },
    {
      "id": 61,
      "question": "तुलसीदास की पत्नी का नाम क्या था?",
      "options": ["रत्नावली", "मंदाकिनी", "पुष्पा", "गीता"],
      "correct": 0,
      "explanation": "रत्नावली की बातों से ही वे विरक्त हुए थे।",
      "difficulty": "medium",
      "tags": ["साहित्य", "पाठ"]
    },
    {
      "id": 62,
      "question": "कबीरदास किस शाखा के कवि हैं?",
      "options": ["निर्गुण", "सगुण", "राममार्गी", "कृष्णमार्गी"],
      "correct": 0,
      "explanation": "कबीर निराकार ईश्वर के उपासक थे।",
      "difficulty": "medium",
      "tags": ["साहित्य", "पद्य"]
    },
    {
      "id": 63,
      "question": "भक्तमाल किसकी रचना है?",
      "options": ["नाभादास", "सूरदास", "कबीर", "तुलसी"],
      "correct": 0,
      "explanation": "इसमें भक्तों के चरित्र का वर्णन है।",
      "difficulty": "hard",
      "tags": ["साहित्य", "पद्य"]
    },
    {
      "id": 64,
      "question": "शिवाजी के पुत्र का नाम क्या था?",
      "options": ["साहूजी", "संभाजी", "रामजी", "शिवजी"],
      "correct": 0,
      "explanation": "भूषण की रचनाओं में साहूजी का वर्णन आता है।",
      "difficulty": "hard",
      "tags": ["साहित्य", "पद्य"]
    },
    {
      "id": 65,
      "question": "छत्रसाल दशक किसकी रचना है?",
      "options": ["भूषण", "बिहारी", "तुलसी", "मतिराम"],
      "correct": 0,
      "explanation": "भूषण ने राजा छत्रसाल की वीरता का बखान किया है।",
      "difficulty": "medium",
      "tags": ["साहित्य", "पद्य"]
    },
    {
      "id": 66,
      "question": "तुलसीदास के दीक्षा गुरु कौन थे?",
      "options": ["नरहरिदास", "शेष सनातन", "रैदास", "विट्ठलनाथ"],
      "correct": 0,
      "explanation": "इन्होंने ही तुलसी को शिक्षा-दीक्षा दी।",
      "difficulty": "hard",
      "tags": ["साहित्य", "पाठ"]
    },
    {
      "id": 67,
      "question": "रामचरितमानस की भाषा क्या है?",
      "options": ["अवधी", "ब्रज", "मैथिली", "संस्कृत"],
      "correct": 0,
      "explanation": "यह तुलसीदास की महान रचना अवधी भाषा में है।",
      "difficulty": "medium",
      "tags": ["साहित्य", "भाषा"]
    },
    {
      "id": 68,
      "question": "सुभद्रा कुमारी चौहान की मृत्यु कैसे हुई?",
      "options": ["कार दुर्घटना", "बीमारी", "फाँसी", "गोलीबारी"],
      "correct": 0,
      "explanation": "नागपुर से लौटते समय बसंत पंचमी के दिन।",
      "difficulty": "medium",
      "tags": ["साहित्य", "लेखक"]
    },
    {
      "id": 69,
      "question": "जयप्रकाश नारायण को लोग क्या कहने लगे?",
      "options": ["लोकनायक", "जननायक", "देशनायक", "नरनायक"],
      "correct": 0,
      "explanation": "संपूर्ण क्रांति के बाद उन्हें लोकनायक कहा गया।",
      "difficulty": "easy",
      "tags": ["इतिहास", "साहित्य"]
    },
    {
      "id": 70,
      "question": "अर्धनारीश्वर में किसका कल्पित रूप है?",
      "options": ["शिव और पार्वती", "राम और सीता", "राधा और कृष्ण", "विष्णु और लक्ष्मी"],
      "correct": 0,
      "explanation": "शिव और शक्ति का समन्वय।",
      "difficulty": "easy",
      "tags": ["साहित्य", "पाठ"]
    },
    {
      "id": 71,
      "question": "मालती के पति का नाम क्या है?",
      "options": ["महेश्वर", "राजेश्वर", "परमेश्वर", "योगेश्वर"],
      "correct": 0,
      "explanation": "'रोज' कहानी का मुख्य पात्र।",
      "difficulty": "medium",
      "tags": ["साहित्य", "पाठ"]
    },
    {
      "id": 72,
      "question": "महेश्वर पेशे से क्या थे?",
      "options": ["डॉक्टर", "शिक्षक", "वकील", "इंजीनियर"],
      "correct": 0,
      "explanation": "वे पहाड़ी इलाके में एक डॉक्टर थे।",
      "difficulty": "medium",
      "tags": ["साहित्य", "पाठ"]
    },
    {
      "id": 73,
      "question": "धांगड़ शब्द का अर्थ ओराँव भाषा में क्या है?",
      "options": ["भाड़े का मजदूर", "किसान", "गुलाम", "मालिक"],
      "correct": 0,
      "explanation": "ओ सदानीरा पाठ में इसका उल्लेख है।",
      "difficulty": "hard",
      "tags": ["साहित्य", "भाषा"]
    },
    {
      "id": 74,
      "question": "गांधीजी चंपारण कब आए?",
      "options": ["1917", "1915", "1918", "1920"],
      "correct": 0,
      "explanation": "राजकुमार शुक्ल के बुलावे पर नील की खेती की समस्या के लिए।",
      "difficulty": "medium",
      "tags": ["इतिहास", "साहित्य"]
    },
    {
      "id": 75,
      "question": "मुन्नी की अवस्था क्या थी?",
      "options": ["14 वर्ष", "12 वर्ष", "16 वर्ष", "10 वर्ष"],
      "correct": 0,
      "explanation": "सिपाही की माँ एकांकी के अनुसार।",
      "difficulty": "hard",
      "tags": ["साहित्य", "पाठ"]
    },
    {
      "id": 76,
      "question": "अंधे की लकड़ी मुहावरे का अर्थ-",
      "options": ["एकमात्र सहारा", "मजबूत लकड़ी", "अंधे का साथ", "बुढ़ापा"],
      "correct": 0,
      "explanation": "बुढ़ापे में संतान अंधे की लकड़ी होती है।",
      "difficulty": "easy",
      "tags": ["व्याकरण", "मुहावरे"]
    },
    {
      "id": 77,
      "question": "कमर कसना मुहावरे का अर्थ-",
      "options": ["तैयार होना", "कमर बांधना", "परिश्रम करना", "खेलना"],
      "correct": 0,
      "explanation": "परीक्षा के लिए कमर कसना (तैयार होना)।",
      "difficulty": "easy",
      "tags": ["व्याकरण", "मुहावरे"]
    },
    {
      "id": 78,
      "question": "निश्चय का संधि विच्छेद है-",
      "options": ["नि: + चय", "निश + चय", "निस + चय", "नी + चय"],
      "correct": 0,
      "explanation": "विसर्ग संधि का उदाहरण।",
      "difficulty": "hard",
      "tags": ["व्याकरण", "संधि"]
    },
    {
      "id": 79,
      "question": "जगन्नाथ का संधि विच्छेद-",
      "options": ["जगत् + नाथ", "जगत + नाथ", "जगन + नाथ", "जगा + नाथ"],
      "correct": 0,
      "explanation": "व्यंजन संधि: त् का न् में परिवर्तन।",
      "difficulty": "hard",
      "tags": ["व्याकरण", "संधि"]
    },
    {
      "id": 80,
      "question": "उद्घाटन का संधि विच्छेद-",
      "options": ["उत् + घाटन", "उद + घाटन", "उद + घाठन", "उदघा + टन"],
      "correct": 0,
      "explanation": "व्यंजन संधि का नियम।",
      "difficulty": "hard",
      "tags": ["व्याकरण", "संधि"]
    },
    {
      "id": 81,
      "question": "आजकल कौन सा समास है?",
      "options": ["द्वंद्व", "अव्ययीभाव", "तत्पुरुष", "द्विगु"],
      "correct": 0,
      "explanation": "आज और कल (विपरीतार्थक शब्द)।",
      "difficulty": "medium",
      "tags": ["व्याकरण", "समास"]
    },
    {
      "id": 82,
      "question": "कमल नयन कौन सा समास है?",
      "options": ["कर्मधारय", "द्वंद्व", "तत्पुरुष", "अव्ययीभाव"],
      "correct": 0,
      "explanation": "कमल के समान नयन (विशेषण-विशेष्य)।",
      "difficulty": "medium",
      "tags": ["व्याकरण", "समास"]
    },
    {
      "id": 83,
      "question": "अनादर में कौन सा उपसर्ग है?",
      "options": ["अन्", "अ", "अना", "अनाद"],
      "correct": 0,
      "explanation": "अन् + आदर।",
      "difficulty": "hard",
      "tags": ["व्याकरण", "उपसर्ग"]
    },
    {
      "id": 84,
      "question": "अज्ञान में कौन सा उपसर्ग है?",
      "options": ["अ", "अन", "अज्ञ", "अजा"],
      "correct": 0,
      "explanation": "अ + ज्ञान।",
      "difficulty": "easy",
      "tags": ["व्याकरण", "उपसर्ग"]
    },
    {
      "id": 85,
      "question": "पढ़ाई में कौन सा प्रत्यय है?",
      "options": ["आई", "ढाई", "ई", "आईन"],
      "correct": 0,
      "explanation": "पढ़् + आई।",
      "difficulty": "easy",
      "tags": ["व्याकरण", "प्रत्यय"]
    },
    {
      "id": 86,
      "question": "फलित में कौन सा प्रत्यय है?",
      "options": ["इत", "लित", "त", "इत: "],
      "correct": 0,
      "explanation": "फल + इत।",
      "difficulty": "medium",
      "tags": ["व्याकरण", "प्रत्यय"]
    },
    {
      "id": 87,
      "question": "पानी का पर्यायवाची शब्द-",
      "options": ["नीर", "तोय", "अम्बु", "ये सभी"],
      "correct": 3,
      "explanation": "जल के सभी पर्यायवाची हैं।",
      "difficulty": "easy",
      "tags": ["व्याकरण", "पर्यायवाची"]
    },
    {
      "id": 88,
      "question": "इच्छा का पर्यायवाची शब्द-",
      "options": ["अभिलाषा", "चाह", "कामना", "ये सभी"],
      "correct": 3,
      "explanation": "ये सभी इच्छा के समानार्थी हैं।",
      "difficulty": "easy",
      "tags": ["व्याकरण", "पर्यायवाची"]
    },
    {
      "id": 89,
      "question": "स्वर्ग का विलोम शब्द-",
      "options": ["नरक", "पाताल", "पृथ्वी", "मृत्यु"],
      "correct": 0,
      "explanation": "स्वर्ग का विपरीत नरक।",
      "difficulty": "easy",
      "tags": ["व्याकरण", "विलोम"]
    },
    {
      "id": 90,
      "question": "आस्तिक का विलोम शब्द-",
      "options": ["नास्तिक", "भक्त", "अधर्मी", "पाखंडी"],
      "correct": 0,
      "explanation": "ईश्वर में विश्वास न करने वाला नास्तिक।",
      "difficulty": "easy",
      "tags": ["व्याकरण", "विलोम"]
    },
    {
      "id": 91,
      "question": "मलिक मोहम्मद जायसी कैसे कवि हैं?",
      "options": ["प्रेममार्गी", "ज्ञानमार्गी", "राममार्गी", "कृष्णमार्गी"],
      "correct": 0,
      "explanation": "वे सूफी काव्यधारा के प्रेममार्गी कवि थे।",
      "difficulty": "medium",
      "tags": ["साहित्य", "पद्य"]
    },
    {
      "id": 92,
      "question": "सूरदास किस भाषा के कवि हैं?",
      "options": ["ब्रजभाषा", "अवधी", "खड़ी बोली", "मैथिली"],
      "correct": 0,
      "explanation": "सूरसागर ब्रजभाषा की अनुपम कृति है।",
      "difficulty": "medium",
      "tags": ["साहित्य", "भाषा"]
    },
    {
      "id": 93,
      "question": "नाभादास किसके समकालीन थे?",
      "options": ["तुलसीदास", "कबीर", "सूरदास", "जायसी"],
      "correct": 0,
      "explanation": "वे गोस्वामी तुलसीदास जी के समय के थे।",
      "difficulty": "hard",
      "tags": ["साहित्य", "पद्य"]
    },
    {
      "id": 94,
      "question": "जन-जन का चेहरा एक के कवि हैं-",
      "options": ["गजानन माधव मुक्तिबोध", "रघुवीर सहाय", "अज्ञेय", "निराला"],
      "correct": 0,
      "explanation": "यह कविता दुनिया भर के संघर्षरत लोगों की एकता की बात करती है।",
      "difficulty": "medium",
      "tags": ["साहित्य", "पद्य"]
    },
    {
      "id": 95,
      "question": "हार-जीत कविता किस संग्रह से ली गई है?",
      "options": ["कहीं नहीं वहीं", "अधिनायक", "मुकुल", "साकेत"],
      "correct": 0,
      "explanation": "अशोक वाजपेयी की रचना।",
      "difficulty": "hard",
      "tags": ["साहित्य", "पद्य"]
    },
    {
      "id": 96,
      "question": "ज्ञानपीठ पुरस्कार से सम्मानित रचना है-",
      "options": ["उर्वशी", "रेणुका", "हुंकार", "कुरुक्षेत्र"],
      "correct": 0,
      "explanation": "रामधारी सिंह दिनकर को इसके लिए पुरस्कार मिला।",
      "difficulty": "medium",
      "tags": ["साहित्य", "पुरस्कार"]
    },
    {
      "id": 97,
      "question": "बिष्नी किस एकांकी की पात्रा है?",
      "options": ["सिपाही की माँ", "पैर तले की जमीन", "लहरों के राजहंस", "आषाढ़ का एक दिन"],
      "correct": 0,
      "explanation": "वह मानक की माँ है।",
      "difficulty": "easy",
      "tags": ["साहित्य", "पाठ"]
    },
    {
      "id": 98,
      "question": "बातचीत शीर्षक निबंध के निबंधकार हैं-",
      "options": ["बालकृष्ण भट्ट", "चंद्रधर शर्मा गुलेरी", "जयप्रकाश नारायण", "दिनकर"],
      "correct": 0,
      "explanation": "यह किताब का पहला पाठ है।",
      "difficulty": "easy",
      "tags": ["साहित्य", "गद्य"]
    },
    {
      "id": 99,
      "question": "मालती का पुत्र कौन है?",
      "options": ["टीटी", "पीटी", "किट्टू", "मिठ्ठू"],
      "correct": 0,
      "explanation": "रोज कहानी में बच्चे का नाम टीटी है।",
      "difficulty": "medium",
      "tags": ["साहित्य", "पाठ"]
    },
    {
      "id": 100,
      "question": "जगदीशचंद्र माथुर का जन्म कहाँ हुआ था?",
      "options": ["शाहजहाँपुर, उत्तर प्रदेश", "लम्ही", "सिमरिया", "बेनीपुर"],
      "correct": 0,
      "explanation": "इनका जन्म उत्तर प्रदेश के शाहजहाँपुर में हुआ था।",
      "difficulty": "hard",
      "tags": ["साहित्य", "लेखक"]
    }
  ]
}
